{
    "id": "pf2e-heroic-crafting-automation",
    "title": "PF2e Heroic Crafting Automation",
    "description": "Companion Foundry module based on the 3rd party supplement of the same name made by the peeps at Hive Frog Studio, supplying automation that works alongside their module.",
    "url": "https://github.com/Cerapter/pf2e-heroic-crafting-automation",
    "manifest": "https://raw.githubusercontent.com/Cerapter/pf2e-heroic-crafting-automation/master/module.json",
    "download": "https://github.com/Cerapter/pf2e-heroic-crafting-automation/raw/v1.0/main.zip",
    "version": "1.0",
    "authors": [
        {
            "name": "Cerapter",
            "discord": "Cerapter#2415"
        }
    ],
    "compatibility": {
        "minimum": "10",
        "verified": "10.291"
    },
    "esmodules": [
        "scripts/config.js"
    ],
    "styles": [
        "styles/projects.css"
    ],
    "relationships": {
        "systems": [
            {
                "id": "pf2e",
                "type": "system",
                "manifest": "https://github.com/foundryvtt/pf2e/releases/latest/download/system.json",
                "compatibility": {
                    "minimum": "4.8.3"
                }
            }
        ]
    },
    "packs": [
        {
            "label": "Heroic Crafting (Automation) - Items",
            "name": "heroic-crafting-items",
            "system": "pf2e",
            "path": "packs/items.db",
            "type": "Item",
            "private": false
        },
        {
            "label": "Heroic Crafting (Automation) - Macros",
            "name": "heroic-crafting-macros",
            "system": "pf2e",
            "path": "packs/macros.db",
            "type": "Macro",
            "private": false
        }
    ]
}